<?xml version="1.0" encoding="UTF-8"?>
<!DOCTYPE hibernate-mapping PUBLIC "-//Hibernate/Hibernate Mapping DTD 3.0//EN"
                                   "http://hibernate.sourceforge.net/hibernate-mapping-3.0.dtd">
<hibernate-mapping>
	<class name="chm.writer.hibernate.Entity.Entry" table="entry">
		<id name="id" column="id" type="int">
			<generator class="native"></generator>
		</id>
		<property name="name" column="name" type="string" length="2048"/>
		<property name="completeName" column="completeName" type="string" length="2048"/>
		<property name="path" column="path" type="string" length="2048"/>
	</class>
</hibernate-mapping>
