<?xml version="1.0" encoding="UTF-8"?>
<!DOCTYPE hibernate-mapping PUBLIC "-//Hibernate/Hibernate Mapping DTD 3.0//EN"
                                   "http://hibernate.sourceforge.net/hibernate-mapping-3.0.dtd">
<hibernate-mapping>
	<class name="chm.writer.hibernate.Entity.Pair" table="pair">
		<id name="id" column="id" type="int">
			<generator class="native"></generator>
		</id>
		<property name="key" column="key" type="string" length="2048"/>
		<property name="value" column="value" type="string" length="2048" />
	</class>
</hibernate-mapping>
