<?xml version='1.0' encoding='UTF-8'?>
<!DOCTYPE hibernate-configuration PUBLIC
          "-//Hibernate/Hibernate Configuration DTD 3.0//EN"
          "http://hibernate.sourceforge.net/hibernate-configuration-3.0.dtd">
<hibernate-configuration>
	<session-factory>
		<!-- 驱动 -->
		<property name="connection.driver_class">org.h2.Driver</property>
		<!-- JDBC URL(H2本地数据库) -->
		<property name="connection.url">jdbc:h2:database</property>
		<!-- 方言 -->
		<property name="dialect">org.hibernate.dialect.H2Dialect</property>
		<!-- 自动生成表,"create",每次启动时会删除已有表(包括数据),并生成新表,而"update"不会删除表数据 -->
		<property name="hibernate.hbm2ddl.auto">create</property>
		<!-- 映射文件 -->
		<mapping resource="chm/writer/hibernate/Entity/Pair.hbm.xml" />
		<mapping resource="chm/writer/hibernate/Entity/FilePath.hbm.xml" />
		<mapping resource="chm/writer/hibernate/Entity/Entry.hbm.xml" />
		<mapping resource="chm/writer/hibernate/Entity/IndexHtmlFile.hbm.xml" />
	</session-factory>
</hibernate-configuration>
